pos,A,T,C,G,N,GC
1,0.220686,0.233865,0.28532,0.259793,0.000335068,0.545114
2,0.273576,0.349636,0.207835,0.168947,6.66737e-06,0.376782
3,0.284274,0.313747,0.229306,0.172673,0.0,0.401979
4,0.336419,0.274964,0.193735,0.194877,5.66508e-06,0.388612
5,0.338155,0.266634,0.180281,0.214929,5.01142e-07,0.39521
6,0.359818,0.238066,0.182984,0.219133,0.0,0.402116
7,0.277918,0.360477,0.185358,0.176248,0.0,0.361605
8,0.277977,0.302572,0.224611,0.194839,0.0,0.419451
9,0.264174,0.314709,0.223175,0.197942,0.0,0.421117
10,0.336186,0.280652,0.184634,0.198527,0.0,0.383162
11,0.29707,0.239812,0.227969,0.235149,0.0,0.463118
12,0.270048,0.279093,0.232452,0.218407,0.0,0.450859
13,0.286306,0.291271,0.215186,0.207236,0.0,0.422422
14,0.285995,0.290817,0.211738,0.211226,0.000223902,0.422964
15,0.285308,0.288353,0.214551,0.211787,5.66508e-07,0.426338
16,0.287453,0.287561,0.214853,0.210133,0.0,0.424987
17,0.290264,0.290323,0.211626,0.207788,0.0,0.419414
18,0.294249,0.285786,0.211426,0.208539,0.0,0.419965
19,0.293805,0.286018,0.208451,0.211726,0.0,0.420177
20,0.294643,0.287583,0.207835,0.209938,0.0,0.417773
21,0.29282,0.286635,0.211922,0.208624,0.0,0.420546
22,0.292668,0.291738,0.208764,0.206829,0.0,0.415593
23,0.293862,0.289675,0.208033,0.20843,0.0,0.416462
24,0.292669,0.289517,0.208637,0.209178,0.0,0.417815
25,0.293703,0.288957,0.20855,0.208791,0.0,0.41734
26,0.29338,0.290382,0.208692,0.207545,0.0,0.416237
27,0.293145,0.292122,0.207471,0.207263,0.0,0.414734
28,0.296107,0.290567,0.206052,0.207274,0.0,0.413326
29,0.291635,0.291539,0.206803,0.210022,0.0,0.416826
30,0.295619,0.28992,0.206581,0.20788,2.61467e-07,0.414461
31,0.294028,0.288764,0.207262,0.209946,0.0,0.417208
32,0.292827,0.292794,0.207022,0.207357,0.0,0.414379
33,0.293916,0.292015,0.207829,0.20624,0.0,0.414069
34,0.293558,0.292957,0.206389,0.207097,0.0,0.413485
35,0.293943,0.29038,0.205251,0.207326,0.00309979,0.412577
36,0.295898,0.289824,0.20448,0.209798,0.0,0.414278
37,0.293743,0.294127,0.205586,0.206545,0.0,0.41213
38,0.294392,0.294276,0.205812,0.205519,0.0,0.411331
39,0.29144,0.296248,0.206335,0.205976,0.0,0.412311
40,0.292634,0.292539,0.207846,0.206981,0.0,0.414827
41,0.295338,0.290126,0.206628,0.207908,0.0,0.414536
42,0.295028,0.293298,0.206109,0.205564,7.64756e-07,0.411673
43,0.29573,0.291667,0.206217,0.206385,6.11898e-07,0.412602
44,0.293396,0.292515,0.20643,0.207659,0.0,0.414089
45,0.294405,0.291322,0.206164,0.208109,0.0,0.414273
46,0.297101,0.290974,0.204723,0.207202,0.0,0.411925
47,0.295061,0.294211,0.205234,0.205493,0.0,0.410728
48,0.294344,0.293225,0.205937,0.206494,0.0,0.412431
49,0.293344,0.292803,0.207216,0.206636,8.74783e-08,0.413853
50,0.294578,0.291854,0.207882,0.205686,4.37437e-08,0.413568
51,0.293753,0.291729,0.206754,0.207758,6.54029e-06,0.414512
52,0.294768,0.2938,0.20656,0.204873,4.37517e-08,0.411433
53,0.295629,0.292116,0.205538,0.206717,0.0,0.412254
54,0.295545,0.291307,0.204735,0.208414,0.0,0.413148
55,0.294471,0.291941,0.206867,0.206721,0.0,0.413588
56,0.294816,0.292659,0.20534,0.207185,0.0,0.412525
57,0.293161,0.295932,0.206124,0.204782,2.18863e-08,0.410907
58,0.294999,0.293171,0.205229,0.2066,3.28326e-07,0.41183
59,0.293283,0.293991,0.206354,0.206372,0.0,0.412726
60,0.296064,0.289977,0.205348,0.208611,0.0,0.413959
61,0.29441,0.289562,0.206434,0.209594,0.0,0.416029
62,0.294665,0.292951,0.205413,0.206971,0.0,0.412384
63,0.295521,0.293441,0.204867,0.206171,0.0,0.411039
64,0.291695,0.293399,0.206652,0.208254,0.0,0.414905
65,0.294594,0.293389,0.205099,0.206918,0.0,0.412017
66,0.294876,0.290385,0.205548,0.209191,0.0,0.414739
67,0.296008,0.293243,0.204247,0.206502,0.0,0.410749
68,0.296026,0.290976,0.205829,0.207166,3.89999e-06,0.412994
69,0.292115,0.294581,0.206329,0.206976,0.0,0.413305
70,0.293583,0.292943,0.206515,0.206958,1.09573e-07,0.413473
71,0.293699,0.291908,0.206051,0.208342,0.0,0.414393
72,0.293687,0.294339,0.203899,0.208075,0.0,0.411974
73,0.295408,0.29096,0.204056,0.209576,0.0,0.413632
74,0.292357,0.292898,0.205445,0.209299,5.91937e-07,0.414744
75,0.294006,0.291947,0.205429,0.208618,0.0,0.414046
76,0.295383,0.291674,0.205238,0.207706,0.0,0.412944
77,0.294231,0.294338,0.204812,0.206619,0.0,0.411431
78,0.294873,0.29274,0.206062,0.206325,0.0,0.412386
79,0.291478,0.292843,0.207958,0.207721,0.0,0.415678
80,0.292773,0.292929,0.206501,0.207797,0.0,0.414298
81,0.294038,0.292069,0.205603,0.208291,0.0,0.413893
82,0.293787,0.294557,0.204818,0.206838,0.0,0.411656
83,0.294756,0.292172,0.205495,0.207577,0.0,0.413072
84,0.292831,0.292653,0.206345,0.208171,2.19475e-08,0.414515
85,0.294447,0.291456,0.206006,0.208091,0.0,0.414097
86,0.296822,0.290539,0.204847,0.207792,0.0,0.412639
87,0.295341,0.292376,0.205283,0.206995,5.4449e-06,0.412278
88,0.295365,0.292391,0.205983,0.206259,2.98625e-06,0.412241
89,0.293219,0.292284,0.206852,0.207646,4.39206e-08,0.414497
90,0.294438,0.292615,0.205835,0.207111,0.0,0.412946
91,0.294737,0.291054,0.206042,0.208167,0.0,0.414208
92,0.294289,0.293088,0.205706,0.206917,0.0,0.412623
93,0.294159,0.293379,0.205663,0.2068,0.0,0.412462
94,0.292206,0.293823,0.207025,0.206946,0.0,0.413971
95,0.293829,0.293874,0.205888,0.206409,0.0,0.412298
96,0.29531,0.290861,0.205599,0.20823,0.0,0.41383
97,0.294325,0.293308,0.205456,0.206911,0.0,0.412368
98,0.296172,0.292122,0.205432,0.206275,0.0,0.411707
99,0.294475,0.29317,0.206224,0.206131,0.0,0.412355
100,0.295257,0.29178,0.205468,0.207496,0.0,0.412963
101,0.295477,0.29089,0.206455,0.207178,0.0,0.413633
102,0.295101,0.292713,0.204315,0.207871,0.0,0.412186
103,0.295903,0.293261,0.204452,0.206384,0.0,0.410836
104,0.293685,0.29262,0.205908,0.207787,0.0,0.413695
105,0.294412,0.293139,0.205217,0.207233,0.0,0.412449
106,0.295677,0.290514,0.206004,0.207804,0.0,0.413808
107,0.295634,0.293355,0.204446,0.206565,0.0,0.411011
108,0.296583,0.291422,0.204759,0.207236,0.0,0.411995
109,0.294349,0.292199,0.20545,0.208002,0.0,0.413452
110,0.295398,0.290529,0.205848,0.208223,1.51949e-06,0.414071
111,0.294952,0.290556,0.206207,0.208285,0.0,0.414492
112,0.295744,0.291989,0.204891,0.207376,0.0,0.412267
113,0.295873,0.291966,0.205219,0.206942,0.0,0.412161
114,0.293727,0.292261,0.206141,0.20787,0.0,0.414012
115,0.294193,0.292982,0.204885,0.207941,0.0,0.412826
116,0.295267,0.290287,0.205028,0.209418,2.86548e-07,0.414446
117,0.294983,0.292899,0.204034,0.208084,0.0,0.412118
118,0.295146,0.2921,0.205082,0.207672,0.0,0.412754
119,0.293239,0.292977,0.206057,0.207727,4.63109e-07,0.413784
120,0.293748,0.291696,0.206024,0.208532,0.0,0.414556
121,0.294476,0.291106,0.205162,0.209255,4.41205e-08,0.414417
122,0.294714,0.292252,0.204682,0.208352,0.0,0.413034
123,0.295329,0.291952,0.205179,0.207538,1.1696e-06,0.412717
124,0.293145,0.292369,0.206605,0.20788,0.0,0.414485
125,0.295033,0.292176,0.20613,0.206661,0.0,0.412791
126,0.295587,0.290419,0.205551,0.208443,6.62396e-08,0.413994
127,0.295763,0.292683,0.204989,0.206565,0.0,0.411554
128,0.295263,0.292017,0.205613,0.207107,0.0,0.412721
129,0.293465,0.292595,0.205873,0.208067,1.98831e-07,0.41394
130,0.29514,0.291924,0.205255,0.207682,0.0,0.412937
131,0.295901,0.290435,0.205309,0.208353,2.80683e-06,0.413661
132,0.295569,0.292285,0.204591,0.207554,1.08317e-06,0.412145
133,0.295491,0.291518,0.205103,0.207883,4.90842e-06,0.412986
134,0.292989,0.292228,0.206867,0.207916,0.0,0.414783
135,0.295106,0.291406,0.20555,0.207938,0.0,0.413488
136,0.294425,0.289975,0.206783,0.208817,0.0,0.4156
137,0.295293,0.292794,0.205427,0.206487,0.0,0.411914
138,0.295189,0.291699,0.205975,0.207131,5.79911e-06,0.413106
139,0.294108,0.292008,0.205542,0.208341,0.0,0.413884
140,0.295865,0.290761,0.204932,0.208442,0.0,0.413374
141,0.295681,0.290767,0.205185,0.208367,1.10758e-07,0.413552
142,0.29537,0.292544,0.205419,0.206657,9.54957e-06,0.412076
143,0.294643,0.29208,0.206774,0.206502,1.15242e-06,0.413276
144,0.293148,0.292261,0.207385,0.207206,2.21671e-08,0.414591
145,0.294535,0.291433,0.206254,0.207778,0.0,0.414032
146,0.295404,0.289314,0.206567,0.208712,2.94965e-06,0.415279
147,0.295071,0.291788,0.206082,0.207059,0.0,0.413141
148,0.295653,0.291098,0.206206,0.207043,0.0,0.413249
149,0.293173,0.292131,0.206887,0.207809,0.0,0.414696
150,0.294033,0.291176,0.206673,0.208117,0.0,0.41479
